{"Mali_5p_result_estimated": {"k_1": 8.636649278649397, "TN_inv": "", "SD_50": 287.28581175, "TS_inv": "", "ND_50": 1683951.1588097638, "1/TS": 1.2313049900861421, "1/TN": 9.868553073741417}, "Mali_5p_result_fixed": {}, "Mali_2p_result": {"SD_50": 295.2539660251599, "1/TS": 1.1068115564010577, "ND_50": 1326971.0341286052}, "Probit_result": {"SD_50": 298.7201530143817, "1/TS": 1.1100520268950615, "ND_50": 1199878.5395822478}, "k_reg": 8.626164654647004, "1/TN prl-chn": 12.059467979494901, "BIC": -22.86102610486203}