{"Bayes_TS": [0.6405021159610758, 0.39057135161209605, 0.642271909679089], "Mali_TS": [1.9999999960474875, 1.2, 1.8905974906994492], "Bayes_SD": [2.480905977750055, 2.474917224287178, 2.4817519357725955], "Mali_SD": [2.4182414042338856, NaN, 2.4232068272478884], "Bayes_TN": [0.37318444295089565, 5.750168136950895, 5.758256786177895], "Mali_TN": [8.147543147123466, 9.679285595675049, 8.614776669628844]}