{"Bayes_TS": [0.9684451188430157, 0.9173610858089446, 1.1451389120616389, 0.7337272995207202, 0.8586734164490964, 0.9149320392600737, 0.8534801584623635, 1.1398326134232457, 0.9722527295539516, 1.084565345677338, 0.9198173695775663, 1.2482423051728746, 0.8531576341858158, 0.8531808496220372, 0.9706614867477776, 0.8027956846295647, 0.7943872323104219, 1.028314274469117, 0.853771084443551, 0.9717455309449525, 0.7355166216446349, 1.030747519506585, 0.8600910190263681, 1.0281506265557419, 0.9679049398074413, 0.9696526052556026, 0.9733111760873406, 0.9737524808329417, 0.9774142255967886, 0.9182239131206386, 0.8590062002495493, 1.0312988082998058, 1.0915352203609343, 0.9167875697117325, 1.0830136318699946, 0.8567534870758271, 1.1451340134782706, 0.9732407721493379, 0.8583679498895925, 0.7950679818764129, 0.9691479496001614, 1.0839249042025805, 1.1978357598983762, 0.9136376640562895, 0.9133826542691796, 0.9802267894244664, 0.9132281176094131, 0.8553803920661586, 1.0299662090527975, 0.8554514108141815, 0.9735801496111512, 1.1361985318261452, 0.8554251032902457, 0.8549517813519644, 1.032425824604085, 0.7969808771428647, 0.9139452378279581, 1.031005084164479, 0.9133647601213263, 0.9172616390873487, 0.9129638105427914, 1.0315356822192436, 1.0309966340938697, 1.0848161398551839, 1.0307367733083659, 1.0310225575660477, 0.9116029764158123, 1.0343668953225398, 0.9169878539945878, 0.9121270323728051, 0.9709585461023926, 1.0327059367800393, 1.0916969643484766, 0.8555284404826432, 1.030426228685934, 0.7369597536010264, 0.9686044506867643, 0.8557626880778366, 1.088952257944738, 0.8549292078946242, 0.9218199986248217, 0.8553541676183668, 0.9103706795148311, 0.9700412186110415, 0.9710713618164378, 0.9152874148081919, 0.9133538986641923, 0.912857935199723, 0.9716427577921979, 0.9168812645267486, 0.9687310028241377, 0.9104711628136241, 1.0319862185033735, 1.085647288639806, 0.9725665071503733, 0.9143764427566279, 1.0891417762872582, 1.0321289089015162, 0.9762017995257255, 1.0302293672577283, 0.9732457849197076], "Mali_TS": [1.9999999999998237, 1.5497143879833601, 1.2121333724416596, 1.2627995174108486, 1.1449732310565897, 1.2632906648716893, 1.1449732309204506, 1.9999999999999982, 1.14776378681779, 1.9999999999999623, 1.1363643139351913, 1.1131585626178644, 1.1946001839870566, 1.9999999999999851, 1.4021959095106613, 1.9999999999999996, 1.1628437989528675, 1.3268306375638583, 1.7954383308178943, 1.2231047070770256, 1.999999999999793, 1.1880243763753338, 1.7714531870238062, 1.1880243690707255, 1.1487879543731547, 1.4017153021105977, 1.2427818038704657, 1.9988213532938495, 1.1487210627486921, 1.9999999999999725, 1.9999999999999951, 1.147884434481492, 1.262755409524876, 1.1184787389969248, 1.263548895279281, 1.1449732342511718, 1.0829113825353933, 1.4044467517943273, 1.0959805026842115, 1.9999999999720357, 1.1484965500060733, 1.9999999999999831, 1.1968407114316908, 1.168071262711415, 1.9999999999998734, 1.1486408364846454, 1.5791290924561703, 1.9999999999999898, 1.1880243820288259, 1.999999999999981, 1.3063213010204997, 1.9999999946185996, 1.2003715166849973, 1.999999999980848, 1.0920538032528246, 1.4018443765910238, 1.2677622270449822, 1.1464706374887261, 1.1680712611574695, 1.1676028877314315, 1.1680716088791954, 1.1135468695234572, 1.9999263106650327, 1.9818335577646424, 1.3207638200750231, 1.3250784619930953, 1.9999999999999774, 1.3220720736232048, 1.186755785490777, 1.9999999999999925, 1.148720944690747, 1.3192351820612296, 1.17402551349499, 1.1449732334042975, 1.3192351805641298, 1.979902574854458, 1.2235985736231747, 1.3927900360961127, 1.5248933019401998, 1.132100139782263, 1.686033933267632, 1.132214712550806, 1.1706043901940786, 1.9999999999999951, 1.1635166459574198, 1.2628772483141324, 1.9999999999999112, 1.2631536214746997, 1.2227504516224204, 1.2684017580747216, 1.5461367127806505, 1.9998743271587054, 1.1137830614034065, 1.9999999999994351, 1.2257189562336945, 1.999999956697414, 1.3311050854308064, 1.9999999999998588, 1.5042375099732381, 1.3442365210905032, 1.1610453728170693], "Bayes_SD": [2.4693034036517796, 2.470000505458981, 2.4698022925017358, 2.4692885043830293, 2.4695998113951148, 2.46947618632928, 2.4694442770478147, 2.4696866714708294, 2.4690795795914062, 2.469602636705212, 2.4693270684375084, 2.469664480199152, 2.4693234942821016, 2.469080669219113, 2.4693592547664203, 2.4695664299044577, 2.4692110427793166, 2.469483175070658, 2.469139011609823, 2.4694564360269475, 2.469284872264722, 2.4693395237634457, 2.46909782299957, 2.4695521310599293, 2.4690484061991538, 2.4692522287521106, 2.4692514382590187, 2.4697428339802374, 2.469011536677385, 2.4690043704646816, 2.469195651819727, 2.4691191150575844, 2.469177113970692, 2.4697422530874134, 2.468916526233194, 2.4691257096860806, 2.4699552982924433, 2.4697294729076473, 2.4694821600610526, 2.4688431893631173, 2.469141434799299, 2.4696304613106808, 2.469916539631725, 2.4689939940459427, 2.469451720272367, 2.4694872165709176, 2.469056478699511, 2.4691738265544028, 2.4691678015927243, 2.4693282049645364, 2.469323318533263, 2.469623067689978, 2.4692472234043827, 2.469606945742422, 2.4692731433529977, 2.4692405038471907, 2.4694632948963564, 2.4699703101328203, 2.469632699643063, 2.469408004604179, 2.4696202092545465, 2.4693423949623408, 2.469685248071403, 2.4695285082592835, 2.46939865265373, 2.46934446630455, 2.469282473630803, 2.4691387888968745, 2.4694276630675422, 2.4689417334452513, 2.4696943290422886, 2.4695886747447813, 2.469349149984217, 2.469154556480645, 2.4690126683315547, 2.46917517455651, 2.46979077056216, 2.46960034983373, 2.4697069901286546, 2.4689509567659345, 2.469325762087895, 2.469022035048252, 2.4692955991030714, 2.4697435793993776, 2.4695870528206303, 2.4688858314988753, 2.4697623444999643, 2.46955115212614, 2.469138402399463, 2.469643321428856, 2.4690286423404664, 2.4695579141406645, 2.4689181499194377, 2.4689438538726045, 2.4691941097701644, 2.469172400503452, 2.4694953585008164, 2.4691746876953906, 2.4696538521208367, 2.469314236382513, 2.469016912580372],